{"count":1,"self":16289.5020032,"total":24871.1310775,"children":{"AgentSendState":{"count":6250651,"self":277.0096384,"total":1236.3529548,"children":{"CollectObservations":{"count":10001048,"self":84.3896128,"total":84.389614299999991,"children":null},"CollectDiscreteActionMasks":{"count":10001048,"self":27.1185568,"total":27.1185558,"children":null},"AgentInfo.ToProto":{"count":10001048,"self":79.3588736,"total":847.83514229999992,"children":{"GenerateSensorData":{"count":10001048,"self":247.97309439999998,"total":768.4762674,"children":{"RayPerceptionSensor.Perceive":{"count":30003144,"self":520.5031424,"total":520.5031615,"children":null}}}}}}},"DecideAction":{"count":6250651,"self":7146.688512,"total":7146.6881361,"children":null},"AgentAct":{"count":6250651,"self":197.5579904,"total":198.5866663,"children":{"AgentInfo.ToProto":{"count":10000,"self":0.13006389999999998,"total":1.0286737,"children":{"GenerateSensorData":{"count":10000,"self":0.2681883,"total":0.8986098,"children":{"RayPerceptionSensor.Perceive":{"count":30000,"self":0.6304215,"total":0.6304215,"children":null}}}}}}}},"gauges":{"Hummingbird.CumulativeReward":{"count":10000,"max":75.58484,"min":-18.5,"runningAverage":38.1595726,"value":63.2447624,"weightedAverage":60.65528}},"metadata":{"timer_format_version":"0.1.0","start_time_seconds":"1600968117","unity_version":"2019.4.10f1","command_line_arguments":"C:\\Program Files\\Unity\\Hub\\Editor\\2019.4.10f1\\Editor\\Unity.exe -projectpath E:\/Project\/Unity\/Hummingbirds -useHub -hubIPC -cloudEnvironment production -hubSessionId 335f3180-fe8a-11ea-b96a-55c6b7a15575 -accessToken hV3mChd8uZ-tkOhkQ5cTJtdTtJujs-gybXxL4U80jOU011f","communication_protocol_version":"1.0.0","com.unity.ml-agents_version":"1.0.4","scene_name":"Training","end_time_seconds":"1600992988"}}