{"cameraMode":{"drawMode":0,"name":"Shaded","section":"Shading Mode"},"sceneLighting":true,"audioPlay":false,"sceneViewState":{"showFog":true,"showMaterialUpdate":false,"showSkybox":true,"showFlares":true,"showImageEffects":true,"showParticleSystems":true},"in2DMode":false,"pivot":{"x":272.0067138671875,"y":513.2166748046875,"z":193.78985595703126},"rotation":{"x":0.17627190053462983,"y":0.037302661687135699,"z":-0.006521794479340315,"w":0.9836747646331787},"size":374.1365661621094,"orthographic":false}