{"cameraMode":{"drawMode":0,"name":"Shaded","section":"Shading Mode"},"sceneLighting":false,"audioPlay":false,"sceneViewState":{"showFog":true,"showMaterialUpdate":false,"showSkybox":false,"showFlares":true,"showImageEffects":true,"showParticleSystems":true},"in2DMode":false,"pivot":{"x":-1.2613728046417237,"y":1.2091844081878663,"z":-4.315499782562256},"rotation":{"x":0.11056657135486603,"y":-0.2629869282245636,"z":0.03035959228873253,"w":0.9579766988754273},"size":2.655729293823242,"orthographic":false}