{"cameraMode":{"drawMode":0,"name":"Shaded","section":"Shading Mode"},"sceneLighting":false,"audioPlay":false,"sceneViewState":{"showFog":true,"showMaterialUpdate":false,"showSkybox":false,"showFlares":true,"showImageEffects":true,"showParticleSystems":true},"in2DMode":false,"pivot":{"x":3.66798734664917,"y":1.3844010829925538,"z":0.24965015053749085},"rotation":{"x":0.019830595701932908,"y":0.7075642347335815,"z":-0.0196367260068655,"w":0.7061805725097656},"size":1.5884727239608765,"orthographic":false}